path,subject,sets,left_eye_x,left_eye_y,right_eye_x,right_eye_y
01000_fa.png,1000,fa|perm|wgal,76.270,96.101,125.270,95.045
01000_fb.png,1000,fb|perm,76.827,94.488,128.239,91.823
01000_fc.png,1000,fc|wprobe,71.842,110.354,116.416,112.575
01000_dup1.png,1000,dup1|perm,70.942,102.681,118.778,102.725
01000_dup2.png,1000,dup1|dup2|perm,71.158,91.942,125.329,91.513
01001_fa.png,1001,fa|perm|wgal,79.999,93.932,123.673,94.790
01001_fb.png,1001,fb|perm,74.728,92.555,121.282,90.866
01001_fc.png,1001,fc|wprobe,86.680,103.478,133.223,99.500
01001_dup1.png,1001,dup1|perm,68.259,94.629,114.278,91.202
01001_dup2.png,1001,dup1|dup2|perm,87.772,86.218,129.752,88.114
01002_fa.png,1002,fa|perm|wgal,80.208,96.283,124.338,95.490
01002_fb.png,1002,fb|perm,77.657,95.793,122.740,94.328
01002_fc.png,1002,fc|wprobe,69.590,107.875,113.433,108.945
01002_dup1.png,1002,dup1|perm,76.386,96.869,120.388,96.832
01002_dup2.png,1002,dup1|dup2|perm,72.036,86.854,119.548,91.123
01003_fa.png,1003,fa|perm|wgal,73.203,96.699,121.526,97.716
01003_fb.png,1003,fb|perm,76.093,99.213,126.075,99.588
01003_fc.png,1003,fc|wprobe,80.978,105.899,125.850,108.266
01003_dup1.png,1003,dup1|perm,80.290,99.512,124.945,97.271
01003_dup2.png,1003,dup1|dup2|perm,85.149,88.551,129.658,89.034
01004_fa.png,1004,fa|perm|wgal,75.983,94.974,121.391,95.628
01004_fb.png,1004,fb|perm,77.961,97.258,125.144,98.660
01004_fc.png,1004,fc|wprobe,80.448,96.325,126.270,90.088
01004_dup1.png,1004,dup1|perm,83.427,101.532,128.975,104.678
01004_dup2.png,1004,dup1|dup2|perm,80.248,92.696,122.586,91.912
01005_fa.png,1005,fa|perm|wgal,76.247,97.621,121.533,96.533
01005_fb.png,1005,fb|perm,74.851,95.358,120.756,95.009
01005_fc.png,1005,fc|wprobe,80.088,86.998,121.555,81.652
01005_dup1.png,1005,dup1|perm,71.702,87.005,118.725,88.289
01005_dup2.png,1005,dup1|dup2|perm,64.604,88.612,113.360,86.018
01006_fa.png,1006,fa|perm|wgal,75.100,95.070,122.601,95.883
01006_fb.png,1006,fb|perm,73.660,95.939,119.640,95.341
01006_fc.png,1006,fc|wprobe,70.315,106.777,115.042,99.773
01006_dup1.png,1006,dup1|perm,78.870,86.816,126.977,89.890
01006_dup2.png,1006,dup1|dup2|perm,76.748,90.982,120.194,86.748
01007_fa.png,1007,fa|perm|wgal,77.976,93.709,123.295,93.886
01007_fb.png,1007,fb|perm,77.014,91.652,124.379,92.562
01007_fc.png,1007,fc|wprobe,92.570,97.023,133.161,102.997
01007_dup1.png,1007,dup1|perm,81.183,102.937,126.736,100.865
01007_dup2.png,1007,dup1|dup2|perm,73.706,92.227,115.906,96.417
01008_fa.png,1008,fa|perm,74.150,97.735,121.458,99.179
01008_fb.png,1008,fb|perm,79.097,91.938,127.287,93.323
01008_fc.png,1008,fc,78.045,88.548,130.864,87.199
01008_dup1.png,1008,dup1|perm,67.095,95.547,118.726,95.366
01008_dup2.png,1008,dup1|dup2|perm,77.548,96.599,121.515,97.332
01009_fa.png,1009,fa|perm,77.342,94.001,124.635,94.360
01009_fb.png,1009,fb|perm,79.569,97.901,127.728,98.287
01009_fc.png,1009,fc,76.066,90.982,126.211,95.811
01009_dup1.png,1009,dup1|perm,78.658,103.211,124.089,100.109
01009_dup2.png,1009,dup1|dup2|perm,83.937,89.778,129.803,92.328
01010_fa.png,1010,fa|perm,77.209,97.694,122.220,98.301
01010_fb.png,1010,fb|perm,73.516,94.992,119.191,93.897
01010_fc.png,1010,fc,66.479,91.571,113.580,91.532
01010_dup1.png,1010,dup1|perm,82.322,103.572,129.121,100.165
01010_dup2.png,1010,dup1|dup2|perm,77.050,105.160,122.128,101.528
01011_fa.png,1011,fa|perm,76.180,95.872,120.371,95.189
01011_fb.png,1011,fb|perm,72.806,92.439,118.805,91.730
01011_fc.png,1011,fc,82.701,95.956,124.194,93.931
01011_dup1.png,1011,dup1|perm,85.161,101.137,127.877,98.848
01011_dup2.png,1011,dup1|dup2|perm,68.636,101.329,114.303,99.729
01012_fa.png,1012,fa|perm,73.288,97.054,122.907,97.575
01012_fb.png,1012,fb|perm,70.817,96.945,122.079,95.615
01012_fc.png,1012,fc,71.665,96.231,122.098,95.152
01012_dup1.png,1012,dup1|perm,68.540,91.714,119.994,86.868
01012_dup2.png,1012,dup1|dup2|perm,82.816,102.431,129.792,98.473
01013_fa.png,1013,fa|perm,77.605,93.036,123.709,94.061
01013_fb.png,1013,fb|perm,76.704,92.067,125.139,90.600
01013_fc.png,1013,fc,63.673,78.373,109.955,85.511
01013_dup1.png,1013,dup1|perm,80.201,90.537,125.944,92.919
01013_dup2.png,1013,dup1|dup2|perm,68.357,96.716,117.867,101.811
01014_fa.png,1014,fa|perm,74.636,96.714,125.391,96.870
01014_fb.png,1014,fb|perm,80.557,96.665,128.788,95.738
01014_fc.png,1014,fc,84.874,83.945,140.955,82.374
01014_dup1.png,1014,dup1|perm,65.800,88.994,117.967,86.198
01014_dup2.png,1014,dup1|dup2|perm,61.914,108.316,114.555,102.842
01015_fa.png,1015,fa|perm,77.012,97.024,120.178,96.913
01015_fb.png,1015,fb|perm,75.910,94.512,120.100,92.301
01015_fc.png,1015,fc,85.624,104.841,130.365,103.396
01015_dup1.png,1015,dup1|perm,78.699,100.786,120.694,97.236
01015_dup2.png,1015,dup1|dup2|perm,67.482,84.624,112.520,84.941
01016_fa.png,1016,fa|perm,75.987,93.400,120.900,93.323
01016_fb.png,1016,fb|perm,80.774,96.781,125.816,96.226
01016_fc.png,1016,fc,83.724,90.372,134.277,95.365
01016_dup1.png,1016,dup1|perm,84.288,87.837,130.655,91.520
01016_dup2.png,1016,dup1|dup2|perm,86.460,97.165,135.175,97.727
01017_fa.png,1017,fa|perm,74.796,96.556,122.723,95.861
01017_fb.png,1017,fb|perm,75.764,100.251,126.075,100.705
01017_fc.png,1017,fc,81.601,102.266,126.373,103.973
01017_dup1.png,1017,dup1|perm,75.430,106.114,123.013,103.685
01017_dup2.png,1017,dup1|dup2|perm,82.706,91.909,130.284,92.437
01018_fa.png,1018,fa|perm,75.837,95.706,122.927,95.116
01018_fb.png,1018,fb|perm,75.863,100.395,122.737,99.067
01018_fc.png,1018,fc,63.182,91.190,115.288,86.492
01018_dup1.png,1018,dup1|perm,73.808,98.291,124.834,94.962
01018_dup2.png,1018,dup1|dup2|perm,70.756,97.175,113.552,92.926
01019_fa.png,1019,fa|perm,79.248,97.722,125.717,96.806
01019_fb.png,1019,fb|perm,79.122,96.606,126.586,95.183
01019_fc.png,1019,fc,79.092,87.487,128.400,83.346
01019_dup1.png,1019,dup1|perm,80.543,102.272,130.679,104.907
01019_dup2.png,1019,dup1|dup2|perm,67.594,105.859,117.350,106.042
01020_fa.png,1020,fa|perm,78.238,96.434,122.050,97.347
01020_fb.png,1020,fb|perm,73.521,92.396,119.151,91.291
01020_fc.png,1020,fc,90.798,89.586,138.080,97.356
01020_dup1.png,1020,dup1|perm,71.170,101.892,118.164,103.380
01020_dup2.png,1020,dup1|dup2|perm,65.920,105.386,114.366,102.453
01021_fa.png,1021,fa|perm,78.598,97.462,121.425,96.987
01021_fb.png,1021,fb|perm,77.011,97.949,121.299,99.538
01021_fc.png,1021,fc,72.362,99.850,117.829,100.229
01021_dup1.png,1021,dup1|perm,76.709,95.517,123.857,97.063
01021_dup2.png,1021,dup1|dup2|perm,73.363,87.316,113.733,87.341
01022_fa.png,1022,fa|perm,79.312,97.980,125.921,98.511
01022_fb.png,1022,fb|perm,72.575,100.613,119.315,101.615
01022_fc.png,1022,fc,77.015,85.569,123.392,85.089
01022_dup1.png,1022,dup1|perm,83.089,95.814,130.119,93.149
01022_dup2.png,1022,dup1|dup2|perm,83.999,85.130,132.110,86.379
01023_fa.png,1023,fa|perm,80.063,95.285,126.229,96.557
01023_fb.png,1023,fb|perm,82.449,93.450,126.420,92.310
01023_fc.png,1023,fc,64.696,100.568,111.740,93.707
01023_dup1.png,1023,dup1|perm,75.209,100.739,118.613,98.403
01023_dup2.png,1023,dup1|dup2|perm,85.818,90.668,135.263,96.342
