LBP Configuration,Grid (k),Window Size,Feature Length,Chi-Square Acc,HI Acc,LL Acc
LBP_16_2,2,46x56,972,0.9701,0.9598,0.7586
LBP_16_2,3,30x37,2187,0.9826,0.9768,0.9366
LBP_16_2,4,23x28,3888,0.9786,0.9743,0.9645
LBP_16_2,5,18x22,6075,0.9697,0.9675,0.9612
LBP_16_2,6,15x18,8748,0.9666,0.9650,0.9516
LBP_8_1,2,46x56,236,0.9472,0.9406,0.9423
LBP_8_1,3,30x37,531,0.9695,0.9627,0.9114
LBP_8_1,4,23x28,944,0.9697,0.9641,0.8290
LBP_8_1,5,18x22,1475,0.9602,0.9573,0.8825
LBP_8_1,6,15x18,2124,0.9597,0.9554,0.9022
LBP_8_2,2,46x56,236,0.9641,0.9585,0.9621
LBP_8_2,3,30x37,531,0.9763,0.9739,0.9192
LBP_8_2,4,23x28,944,0.9754,0.9736,0.9368
LBP_8_2,5,18x22,1475,0.9705,0.9692,0.9319
LBP_8_2,6,15x18,2124,0.9685,0.9677,0.9360
